limit,time
,
1,
,1.61622E+12
1,1.61622E+12