{
  "Total" : {
    "transaction" : "Total",
    "sampleCount" : 3,
    "errorCount" : 0,
    "errorPct" : 0.0,
    "meanResTime" : 416.3333333333333,
    "medianResTime" : 441.0,
    "minResTime" : 290.0,
    "maxResTime" : 518.0,
    "pct1ResTime" : 518.0,
    "pct2ResTime" : 518.0,
    "pct3ResTime" : 518.0,
    "throughput" : 2.3923444976076556,
    "receivedKBytesPerSec" : 189.0793211722488,
    "sentKBytesPerSec" : 0.4921750398724083
  },
  "dj-program" : {
    "transaction" : "dj-program",
    "sampleCount" : 1,
    "errorCount" : 0,
    "errorPct" : 0.0,
    "meanResTime" : 441.0,
    "medianResTime" : 441.0,
    "minResTime" : 441.0,
    "maxResTime" : 441.0,
    "pct1ResTime" : 441.0,
    "pct2ResTime" : 441.0,
    "pct3ResTime" : 441.0,
    "throughput" : 2.2675736961451247,
    "receivedKBytesPerSec" : 410.3954081632653,
    "sentKBytesPerSec" : 0.44067106009070295
  },
  "comment-song" : {
    "transaction" : "comment-song",
    "sampleCount" : 1,
    "errorCount" : 0,
    "errorPct" : 0.0,
    "meanResTime" : 290.0,
    "medianResTime" : 290.0,
    "minResTime" : 290.0,
    "maxResTime" : 290.0,
    "pct1ResTime" : 290.0,
    "pct2ResTime" : 290.0,
    "pct3ResTime" : 290.0,
    "throughput" : 3.4482758620689653,
    "receivedKBytesPerSec" : 95.44046336206897,
    "sentKBytesPerSec" : 0.6936961206896552
  },
  "search song" : {
    "transaction" : "search song",
    "sampleCount" : 1,
    "errorCount" : 0,
    "errorPct" : 0.0,
    "meanResTime" : 518.0,
    "medianResTime" : 518.0,
    "minResTime" : 518.0,
    "maxResTime" : 518.0,
    "pct1ResTime" : 518.0,
    "pct2ResTime" : 518.0,
    "pct3ResTime" : 518.0,
    "throughput" : 1.9305019305019306,
    "receivedKBytesPerSec" : 54.90996018339768,
    "sentKBytesPerSec" : 0.42795306467181465
  }
}