{
  "获取用户歌单" : {
    "transaction" : "获取用户歌单",
    "sampleCount" : 1495,
    "errorCount" : 0,
    "errorPct" : 0.0,
    "meanResTime" : 4379.741137123747,
    "medianResTime" : 2753.0,
    "minResTime" : 15.0,
    "maxResTime" : 60337.0,
    "pct1ResTime" : 9988.600000000002,
    "pct2ResTime" : 14422.600000000006,
    "pct3ResTime" : 24474.91999999997,
    "throughput" : 1.1958880648771275,
    "receivedKBytesPerSec" : 25.033240482440846,
    "sentKBytesPerSec" : 4.322318868453912
  },
  "云贝账户信息 " : {
    "transaction" : "云贝账户信息 ",
    "sampleCount" : 1396,
    "errorCount" : 0,
    "errorPct" : 0.0,
    "meanResTime" : 104.3932664756446,
    "medianResTime" : 8.0,
    "minResTime" : 5.0,
    "maxResTime" : 6619.0,
    "pct1ResTime" : 216.0,
    "pct2ResTime" : 421.0,
    "pct3ResTime" : 1661.12,
    "throughput" : 1.1195711625415228,
    "receivedKBytesPerSec" : 1.1874673441702903,
    "sentKBytesPerSec" : 4.0300188526641145
  },
  "获取用户动态" : {
    "transaction" : "获取用户动态",
    "sampleCount" : 1421,
    "errorCount" : 5,
    "errorPct" : 0.35186487,
    "meanResTime" : 55917.99225897254,
    "medianResTime" : 49515.0,
    "minResTime" : 331.0,
    "maxResTime" : 489417.0,
    "pct1ResTime" : 86624.99999999999,
    "pct2ResTime" : 100979.49999999999,
    "pct3ResTime" : 159416.55999999997,
    "throughput" : 1.136022052098723,
    "receivedKBytesPerSec" : 257.41814817712833,
    "sentKBytesPerSec" : 4.081119311995145
  },
  "登录" : {
    "transaction" : "登录",
    "sampleCount" : 1,
    "errorCount" : 0,
    "errorPct" : 0.0,
    "meanResTime" : 456.0,
    "medianResTime" : 456.0,
    "minResTime" : 456.0,
    "maxResTime" : 456.0,
    "pct1ResTime" : 456.0,
    "pct2ResTime" : 456.0,
    "pct3ResTime" : 456.0,
    "throughput" : 2.1929824561403506,
    "receivedKBytesPerSec" : 22.336725603070175,
    "sentKBytesPerSec" : 0.4968475877192982
  },
  "获取每日推荐歌曲" : {
    "transaction" : "获取每日推荐歌曲",
    "sampleCount" : 1401,
    "errorCount" : 6,
    "errorPct" : 0.4282655,
    "meanResTime" : 16558.693790149922,
    "medianResTime" : 12826.0,
    "minResTime" : 54.0,
    "maxResTime" : 182207.0,
    "pct1ResTime" : 31196.399999999994,
    "pct2ResTime" : 40670.79999999999,
    "pct3ResTime" : 65723.90000000002,
    "throughput" : 1.1214306926215303,
    "receivedKBytesPerSec" : 74.41791357209294,
    "sentKBytesPerSec" : 4.023786414979784
  },
  "获取用户历史评论" : {
    "transaction" : "获取用户历史评论",
    "sampleCount" : 1495,
    "errorCount" : 1,
    "errorPct" : 0.06688963,
    "meanResTime" : 44.14581939799333,
    "medianResTime" : 9.0,
    "minResTime" : 5.0,
    "maxResTime" : 2673.0,
    "pct1ResTime" : 213.0,
    "pct2ResTime" : 220.0,
    "pct3ResTime" : 563.119999999999,
    "throughput" : 1.1960688935682695,
    "receivedKBytesPerSec" : 0.7152833878231385,
    "sentKBytesPerSec" : 4.3241404767414595
  },
  "Total" : {
    "transaction" : "Total",
    "sampleCount" : 14413,
    "errorCount" : 16,
    "errorPct" : 0.111010894,
    "meanResTime" : 8265.178727537588,
    "medianResTime" : 214.0,
    "minResTime" : 5.0,
    "maxResTime" : 489417.0,
    "pct1ResTime" : 30753.60000000001,
    "pct2ResTime" : 50969.19999999995,
    "pct3ResTime" : 88427.36000000036,
    "throughput" : 11.516313245637935,
    "receivedKBytesPerSec" : 392.99245569069916,
    "sentKBytesPerSec" : 41.450295654605284
  },
  "获取账号信息 " : {
    "transaction" : "获取账号信息 ",
    "sampleCount" : 1496,
    "errorCount" : 2,
    "errorPct" : 0.13368984,
    "meanResTime" : 66.44050802139033,
    "medianResTime" : 8.0,
    "minResTime" : 5.0,
    "maxResTime" : 6609.0,
    "pct1ResTime" : 214.0,
    "pct2ResTime" : 232.99999999999727,
    "pct3ResTime" : 836.03,
    "throughput" : 1.1973019089602361,
    "receivedKBytesPerSec" : 0.9791057536319224,
    "sentKBytesPerSec" : 4.302880329934308
  },
  "电台 - 分类" : {
    "transaction" : "电台 - 分类",
    "sampleCount" : 1396,
    "errorCount" : 2,
    "errorPct" : 0.14326647,
    "meanResTime" : 6240.877507163319,
    "medianResTime" : 4230.5,
    "minResTime" : 37.0,
    "maxResTime" : 121912.0,
    "pct1ResTime" : 13387.099999999999,
    "pct2ResTime" : 19313.59999999998,
    "pct3ResTime" : 33281.45999999999,
    "throughput" : 1.1190649875347705,
    "receivedKBytesPerSec" : 28.101601078082037,
    "sentKBytesPerSec" : 4.025311292556133
  },
  "vip 成长值" : {
    "transaction" : "vip 成长值",
    "sampleCount" : 1420,
    "errorCount" : 0,
    "errorPct" : 0.0,
    "meanResTime" : 543.8323943661971,
    "medianResTime" : 237.0,
    "minResTime" : 6.0,
    "maxResTime" : 12626.0,
    "pct1ResTime" : 1483.0,
    "pct2ResTime" : 2144.750000000001,
    "pct3ResTime" : 6627.609999999998,
    "throughput" : 1.1356447703158452,
    "receivedKBytesPerSec" : 4.193341447795129,
    "sentKBytesPerSec" : 4.086912238851687
  },
  "通知 - 私信" : {
    "transaction" : "通知 - 私信",
    "sampleCount" : 1396,
    "errorCount" : 0,
    "errorPct" : 0.0,
    "meanResTime" : 42.177650429799414,
    "medianResTime" : 11.0,
    "minResTime" : 6.0,
    "maxResTime" : 1617.0,
    "pct1ResTime" : 164.89999999999986,
    "pct2ResTime" : 221.0,
    "pct3ResTime" : 461.98999999999637,
    "throughput" : 1.1194032842779167,
    "receivedKBytesPerSec" : 0.5849509870154029,
    "sentKBytesPerSec" : 4.029414556492579
  },
  "获取用户信息" : {
    "transaction" : "获取用户信息",
    "sampleCount" : 1496,
    "errorCount" : 0,
    "errorPct" : 0.0,
    "meanResTime" : 43.544117647058854,
    "medianResTime" : 8.0,
    "minResTime" : 5.0,
    "maxResTime" : 3749.0,
    "pct1ResTime" : 213.0,
    "pct2ResTime" : 215.0,
    "pct3ResTime" : 423.0,
    "throughput" : 1.197470583526775,
    "receivedKBytesPerSec" : 0.7579345996257905,
    "sentKBytesPerSec" : 4.304655919815096
  }
}