{
  "Total" : {
    "transaction" : "Total",
    "sampleCount" : 3,
    "errorCount" : 0,
    "errorPct" : 0.0,
    "meanResTime" : 483.6666666666667,
    "medianResTime" : 420.0,
    "minResTime" : 361.0,
    "maxResTime" : 670.0,
    "pct1ResTime" : 670.0,
    "pct2ResTime" : 670.0,
    "pct3ResTime" : 670.0,
    "throughput" : 2.061855670103093,
    "receivedKBytesPerSec" : 162.46912585910653,
    "sentKBytesPerSec" : 0.42418384879725085
  },
  "dj-program" : {
    "transaction" : "dj-program",
    "sampleCount" : 1,
    "errorCount" : 0,
    "errorPct" : 0.0,
    "meanResTime" : 420.0,
    "medianResTime" : 420.0,
    "minResTime" : 420.0,
    "maxResTime" : 420.0,
    "pct1ResTime" : 420.0,
    "pct2ResTime" : 420.0,
    "pct3ResTime" : 420.0,
    "throughput" : 2.3809523809523814,
    "receivedKBytesPerSec" : 430.77566964285717,
    "sentKBytesPerSec" : 0.46270461309523814
  },
  "comment-song" : {
    "transaction" : "comment-song",
    "sampleCount" : 1,
    "errorCount" : 0,
    "errorPct" : 0.0,
    "meanResTime" : 361.0,
    "medianResTime" : 361.0,
    "minResTime" : 361.0,
    "maxResTime" : 361.0,
    "pct1ResTime" : 361.0,
    "pct2ResTime" : 361.0,
    "pct3ResTime" : 361.0,
    "throughput" : 2.770083102493075,
    "receivedKBytesPerSec" : 78.601108033241,
    "sentKBytesPerSec" : 0.5572628116343491
  },
  "search song" : {
    "transaction" : "search song",
    "sampleCount" : 1,
    "errorCount" : 0,
    "errorPct" : 0.0,
    "meanResTime" : 670.0,
    "medianResTime" : 670.0,
    "minResTime" : 670.0,
    "maxResTime" : 670.0,
    "pct1ResTime" : 670.0,
    "pct2ResTime" : 670.0,
    "pct3ResTime" : 670.0,
    "throughput" : 1.492537313432836,
    "receivedKBytesPerSec" : 40.435517723880594,
    "sentKBytesPerSec" : 0.3308652052238806
  }
}